unique_id,data_id,description,x1,x2,y1,y2,type,showdesc,restriction,nlanes,yr_1999,yr_2010,yr_2018,backbone_rte,awdt_2010,peak_2010_6_to_7_am,peak_2010_7_to_8_am,peak_2010_8_to_9_am,peak_2010_9_to_10_am,peak_2010_3_to_4_pm,peak_2010_4_to_5_pm,peak_2010_5_to_6_pm,peak_2010_6_to_7_pm,cum_2010_6_to_9_am,cum_2010_3_to_6_pm,awdt_2018,peak_2018_6_to_7_am,peak_2018_7_to_8_am,peak_2018_8_to_9_am,peak_2018_9_to_10_am,peak_2018_3_to_4_pm,peak_2018_4_to_5_pm,peak_2018_5_to_6_pm,peak_2018_6_to_7_pm,cum_2018_6_to_9_am,cum_2018_3_to_6_pm,awdt_1999
i93_sb_180,i93_sb_180,I-93 southbound | north of Interchange 41 off-ramp,150,150,10,200,main,0,none,4,1,1,1,i93_sr3_sb,77000,7400,7000,6300,4900,4500,4750,5200,4000,20700,14450,88000,6500,6500,6300,5700,4800,5400,5500,4600,19300,15700,77000
i93_sb_190,i93_sb_190,I-93 southbound | between Interchange 41 off- and on-ramps,150,150,200,350,main,0,none,4,1,1,1,i93_sr3_sb,72000,6900,6400,5700,4500,4250,4450,4900,3850,19000,13600,82500,5900,6000,5600,5400,4550,5100,5150,4450,17500,14800,71500
i93_sb_200,i93_sb_200,I-93 southbound | betwen Interchange 41 on-ramp and Interchange 40 off-ramp,150,150,350,450,main,0,none,4,1,1,1,i93_sr3_sb,82500,7650,7300,6600,5200,4900,5200,5750,4400,21550,15850,93000,6600,7100,6700,6200,5300,5900,6000,5100,20400,17200,82000
i93_sb_210,i93_sb_210,I-93 southbound | between Interchange 40 off- and on-ramps,150,150,450,600,main,0,none,4,1,1,1,i93_sr3_sb,78000,7400,7000,6300,4950,4600,4850,5350,4150,20700,14800,88500,6400,6850,6450,5950,4800,5450,5600,4750,19700,15850,77000
i93_sb_220,i93_sb_220,I-93 southbound | between Interchange 40 on-ramp and Interchange 39 off-ramp,150,150,600,700,main,0,none,4,1,1,1,i93_sr3_sb,85000,8050,7750,7000,5450,4900,5150,5650,4450,22800,15700,95000,7100,7700,7300,6500,5000,5700,5900,5000,22100,16600,83000
i93_sb_230,i93_sb_230,I-93 southbound | between Interchange 39 off- and on-ramps,150,150,700,850,main,0,none,4,1,1,1,i93_sr3_sb,81500,7700,7300,6500,5150,4750,4950,5450,4300,21500,15150,91000,6850,7200,6750,6050,4750,5450,4600,4800,20800,14800,78500
i93_sb_240,i93_sb_240,I-93 southbound | between Interchange 39 off- and on-ramps,150,150,850,950,main,0,none,4,1,1,1,i93_sr3_sb,90000,8200,7950,7200,5650,5200,5450,6100,4750,23350,16750,97000,7250,7700,7450,6650,5050,5750,6200,5200,22400,17000,87000
i93_sb_250,i93_sb_250,I-93 southbound | between Interchange 38 off- and on-ramps,150,150,950,1100,main,0,none,4,1,1,1,i93_sr3_sb,83000,7600,7300,6600,5200,4700,4950,5600,4350,21500,15250,89000,6850,7300,6900,6250,4450,5150,5500,4700,21050,15100,79500
i93_sb_260,i93_sb_260,I-93 southbound | between Interchange 38 on-ramp and Interchange 37C off-ramp,150,150,1100,1200,main,0,none,4,1,1,1,i93_sr3_sb,90000,8100,7900,7200,5600,5200,5500,6200,4800,23200,16900,98000,7500,8100,7600,6800,4900,5550,6150,5050,23200,16600,-9999
R12244,R12244,Interchange 41 | Off-ramp to SR 125,150,130,200,250,ramp_off_left,1,none,1,1,1,1,i93_sr3_sb,5000,500,600,600,400,250,300,300,150,1700,850,5500,600,500,700,300,250,300,350,150,1800,900,5500
R12245,R12245,Interchange 41 | On-ramp from SR 125,130,150,300,350,ramp_on_left,1,none,1,1,1,1,i93_sr3_sb,10500,750,900,900,700,650,750,850,550,2550,2250,10500,700,1100,1100,800,750,800,850,650,2900,2400,10500
R12246,R12246,Interchange 40 | Off-ramp to SR 62,150,130,450,500,ramp_off_left,1,none,1,1,1,1,i93_sr3_sb,4500,250,300,300,250,300,350,400,250,850,1050,4500,200,250,250,250,500,450,400,350,700,1350,5000
R12247,R12247,Interchange 40 | On-ramp from SR 62,130,150,550,600,ramp_on_left,1,none,1,1,1,1,i93_sr3_sb,7000,650,750,700,500,300,300,300,300,2100,900,6500,700,850,850,550,200,250,300,250,2400,750,6000
R12248,R12248,Interchange 39 | Off-ramp to Concord Street,150,130,700,750,ramp_off_left,1,none,1,1,1,1,i93_sr3_sb,3500,350,450,500,300,150,200,200,150,1300,550,4000,250,500,550,450,250,250,300,200,1300,800,4500
R12249,R12249,Interchange 39 | On-ramp from Concord Street,130,150,800,850,ramp_on_left,1,none,1,1,1,1,i93_sr3_sb,8500,500,650,700,500,450,500,650,450,1850,1600,6000,400,500,700,600,300,300,600,400,1600,1200,8500
R12250,R12250,Interchange 38 | Off-ramp to SR 129,150,130,950,1000,ramp_off_left,1,none,1,1,1,1,i93_sr3_sb,7000,600,650,600,450,500,500,500,400,1850,1500,8000,400,400,550,400,600,600,700,500,1350,1900,7500
R12251,R12251,Interchange 38 | On-ramp from SR 129,130,150,1050,1100,ramp_on_left,1,none,1,1,1,1,i93_sr3_sb,7000,500,600,600,400,500,550,600,450,1700,1650,9000,650,800,700,550,450,400,650,350,2150,1500,8500
i93_sb_270,i93_sb_270,I-93 southbound | between interchange 37C off- and on-ramps,150,150,1200,1350,main,0,none,4,1,1,1,i93_sr3_sb,82000,7250,6700,6000,5000,4900,5150,5900,4550,19950,15950,90000,6600,6800,6300,6150,4600,5250,6850,4850,19700,16700,-9999
i93_sb_280,i93_sb_280,I-93 southbound | between Interchange 37C on-ramp and Interchange 37 off-ramp to I-95 soutbound,150,150,1350,1450,main,0,none,4,1,1,1,i93_sr3_sb,88000,7400,6900,6200,5200,5400,5750,6700,5050,20500,17850,96500,6800,7000,6500,6400,5100,6000,6800,5500,20300,17900,-9999
i93_sb_1999_260_to_280,i93_sb_1999_260_to_280,I-93 southbound | between Interchange 38 on-ramp and Interchange 73 off-ramp to I-95 southbound,150,150,1100,1450,main,0,none,4,1,0,0,i93_sr3_sb,-9999,-9999,-9999,-9999,-9999,-9999,-9999,-9999,-9999,-9999,-9999,-9999,-9999,-9999,-9999,-9999,-9999,-9999,-9999,-9999,-9999,-9999,88000
i93_sb_290,i93_sb_290,I-93 southbound | between Interchange 37 off-ramp to I-95 southbound and Interchange 37 on-ramp from I-95 southbound,150,150,1450,1600,main,0,none,4,1,1,1,i93_sr3_sb,68000,6000,5300,4600,3700,4200,4450,5300,4050,15900,13950,74500,5500,5000,4500,4400,4000,4700,5500,4600,15000,14200,65000
i93_sb_300,i93_sb_300,I-93 southbound | between Interchange 37 on-ramp from I-95 southbound and Interchange 37 off-ramp to I-95 northbound,150,150,1600,1700,main,0,none,4,1,1,1,i93_sr3_sb,87000,7000,6000,5400,4800,5400,5750,6650,5350,18400,17800,91500,6250,5500,4900,5200,5200,5800,6900,5850,16650,17900,82000
i93_sb_310,i93_sb_310,I-93 southbound | between Interchange 37 off-ramp to I-95 northbound and Interchange 37 on-ramp from I-95 norhbound,150,150,1700,1850,main,0,none,4,1,1,1,i93_sr3_sb,73500,6350,5250,4600,4000,4400,4750,5650,4450,16200,14800,78500,5650,4700,4100,4400,4200,4900,6000,5100,14450,15100,70500
i93_sb_320,i93_sb_320,I-93 southbound | between Interchange 37 on-ramp from I-95 northbound and Interchange 36 off-ramp to Montvale Avenue,150,150,1850,1950,main,0,none,4,1,1,1,i93_sr3_sb,100000,7800,6450,5900,5600,6100,6450,7300,6250,20150,19850,103500,6400,5500,5000,5600,5700,6600,7400,6600,16900,19700,99000
i93_sb_330,i93_sb_330,I-93 southbound | between Interchange 36 off-ramp to Montvale Avenue and Interchange 36 on-ramp from Montvale Avenue westbound,150,150,1950,2100,main,0,none,4,1,1,1,i93_sr3_sb,88500,7200,5550,5000,4900,5400,5750,6500,5650,17750,17650,93000,5700,4500,4100,4800,4950,5800,6600,6100,14300,17350,88000
i93_sb_340,i93_sb_340,I-93 southbound | between Interchange 36 on-ramps from Montvalue Avenue westbound and eastbound,150,150,2100,2200,main,0,none,4,1,1,1,i93_sr3_sb,92500,7450,5700,5200,5100,5700,6000,6850,5950,18350,18550,97000,5900,4600,4200,4950,5300,6050,7000,6450,14700,18350,93000
i93_sb_350,i93_sb_350,I-93 southbound | between Interchange 36 on-ramp from Montvale Avenue eastbond and Interchange 35 off-ramp,150,150,2200,2300,main,0,none,4,1,1,1,i93_sr3_sb,100000,7850,6100,5600,5500,6250,6550,7400,6450,19550,20200,105000,6300,4850,4400,5200,5850,6500,7600,7100,15550,19950,101000
i93_sb_360,i93_sb_360,I-93 southbound | between Interchange 35 off-ramp and Interchange 34 on-ramp,150,150,2300,2450,main,0,none,4,1,1,1,i93_sr3_sb,90500,7350,5450,5000,5100,5550,5800,6600,5850,17800,17950,95000,5700,4150,3600,4700,5200,5800,6800,6600,13450,17800,92000
i93_sb_370,i93_sb_370,I-93 southbound | between Interchange 34 on-ramp and Interchange 33 off-ramp,150,150,2450,2550,main,0,none,4,1,1,1,i93_sr3_sb,95000,7700,5800,5400,5400,5800,6000,6800,6100,18900,18600,99000,6000,4400,3800,4900,5500,6000,7100,6900,14200,18600,97000
R12252,R12252,Interchange 37C | Off-ramp to Commerce Way,150,130,1200,1250,ramp_off_left,1,none,1,0,1,1,i93_sr3_sb,8000,850,1200,1200,600,300,350,300,250,3250,950,8000,900,1300,1300,650,300,300,300,200,3500,900,-9999
R12253,R12253,Interchange 37C | On-ramp from Commerce Way,130,150,1300,1350,ramp_on_left,1,none,1,0,1,1,i93_sr3_sb,6000,150,200,200,200,500,600,800,500,550,1900,6500,200,200,200,250,500,750,950,650,600,2200,-9999
R12175,R12175,Interchange 37 | Off-ramp to I-95 SB,150,130,1450,1500,ramp_off_left,1,none,1,1,1,1,i93_sr3_sb,20000,1400,1600,1600,1500,1200,1300,1400,1000,4600,3900,22000,1300,2000,2000,2000,1100,1300,1300,900,5300,3700,23000
R12740,R12740,Interchange 37 | On-ramp from I-95 SB,130,150,1550,1600,ramp_on_left,1,none,1,1,1,1,i93_sr3_sb,19000,1000,700,800,1100,1200,1300,1350,1200,2500,3850,17000,750,500,400,800,1200,1100,1400,1250,1650,3700,17000
R12176,R12176,Interchange 37 | Offf-ramp to I-95 NB,150,130,1700,1750,ramp_off_left,1,none,1,1,1,1,i93_sr3_sb,13500,650,750,800,800,1000,1000,1000,800,2200,3000,13000,600,800,800,800,1000,900,900,750,2200,2800,11500
R12697,R12697,Interchange 37 | On-ramp from I-95 NB,130,150,1800,1850,ramp_on_left,1,none,1,1,1,1,i93_sr3_sb,26500,1450,1200,1300,1600,1700,1700,1650,1800,3950,5050,25000,750,800,900,1200,1500,1700,1400,1500,2450,4600,28500
R12177,R12177,Interchange 36 | Off-ramp to Montvale Avenue,150,130,1950,2000,ramp_off_left,1,none,1,1,1,1,i93_sr3_sb,11500,600,900,900,700,700,700,800,600,2400,2200,10500,700,1000,900,800,750,800,800,500,2600,2350,11000
R12178,R12178,Interchange 36 | On-ramp from Montvale Avenue WB,130,150,2050,2100,ramp_on_left,1,none,1,1,1,1,i93_sr3_sb,4000,250,150,200,200,300,250,350,300,600,900,4000,200,100,100,150,350,250,400,350,400,1000,5000
R12179,R12179,Interchange 36 | On-ramp from Montvale Avenue EB,130,150,2150,2200,ramp_on_left,1,none,1,1,1,1,i93_sr3_sb,7500,400,400,400,400,550,550,550,500,1200,1650,8000,400,250,200,250,550,450,600,650,850,1600,8000
R12180,R12180,Interchange 35 | Off-ramp to SR 28,150,130,2300,2350,ramp_off_left,1,none,1,1,1,1,i93_sr3_sb,9500,500,650,600,400,700,750,800,600,1750,2250,10000,600,700,800,500,650,700,800,500,2100,2150,9000
R12181,R12181,Interchange 34 | On-ramp from Winchester Highlands,130,150,2400,2450,ramp_on_left,1,none,1,1,1,1,i93_sr3_sb,4500,350,350,400,300,250,200,200,250,1100,650,4000,300,250,200,200,300,200,300,300,750,800,5000
i93_sb_380,i93_sb_380,I-93 southbound | between Interchange 33 off- and on-ramps,150,150,2550,2700,main,0,none,4,1,1,1,i93_sr3_sb,85000,7100,5100,4750,4950,5100,5200,5900,5400,16950,16200,86000,5600,4100,3500,4600,4600,5000,6100,5900,13200,15700,88500
i93_sb_390,i93_sb_390,I-93 southbound | between Interchange 33 on-ramp and Interchange 32 off-ramp,150,150,2700,2800,main,0,none,4,1,1,1,i93_sr3_sb,94500,7600,5800,5400,5500,5550,5600,6300,5850,18800,17450,98000,6600,5300,4700,5400,4900,5300,6400,6200,16600,16600,97000
i93_sb_400,i93_sb_400,I-93 southbound | between Interchange 32 off- and on-ramps,150,150,2800,2950,main,0,none,4,1,1,1,i93_sr3_sb,84000,7000,5000,4600,4900,4850,4900,5500,5100,16600,15250,86000,5900,4900,4350,4900,4100,4400,5400,5200,15150,13900,85500
i93_sb_410,i93_sb_410,I-93 southbound | between Interchange 32 on-ramp and Interchange 31 on-ramp,150,150,2950,3050,main,0,none,4,1,1,1,i93_sr3_sb,89000,7200,5300,4900,5200,5150,5150,5750,5350,17400,16050,92000,6250,5600,5100,5600,4550,4700,5700,5500,16950,14950,91000
i93_sb_420,i93_sb_420,I-93 southbound | between Interchange 31 on- and off-ramps,150,150,3050,3150,main,0,none,4,1,1,1,i93_sr3_sb,99000,7700,6000,5600,5800,5700,5650,6250,5900,19300,17600,102000,7000,6600,6200,6600,5000,5100,6100,5900,19800,16200,99500
i93_sb_430,i93_sb_430,I-93 southbound | between Interchange 31 off-ramp and Interchange 30 off-ramp,150,150,3150,3250,main,0,none,4,1,1,1,i93_sr3_sb,83500,6700,5200,4800,4900,4800,4700,5200,4950,16700,14700,88000,6600,6100,5900,5700,3900,4100,4900,4700,18600,12900,84000
i93_sb_440,i93_sb_440,I-93 southbound | between Interchange 30 off-ramp and start of HOV lane,150,150,3250,3350,main,0,none,4,1,1,1,i93_sr3_sb,75500,6100,4700,4400,4400,4300,4200,4500,4350,15200,13000,79000,6000,5650,5600,5300,3300,3350,3900,3950,17250,10550,72000
i93_sb_450,i93_sb_450,I-93 southbound | between start of HOV lane and Interchange 28 off-ramp,150,150,3350,3450,main,0,none,3,1,1,1,i93_sr3_sb,63500,5400,3950,3600,3700,3450,3300,3450,3350,12950,10200,67000,5300,4900,4700,4500,2450,2450,2850,2950,14900,7750,55000
i93_sb_460,i93_sb_460,I-93 southbound | between Interchange 28 off-ramp and Interchange 29 on-ramp,150,150,3450,3600,main,0,none,3,1,1,1,i93_sr3_sb,50000,4100,3100,2800,2900,2650,2400,2450,2550,10000,7500,53000,4100,4050,3950,3800,1550,1500,1750,2000,12100,4800,30000
i93_sb_470,i93_sb_470,I-93 southbound | between Interchange 29 on-ramp and Interchange 28A off-ramp,150,150,3600,3750,main,0,none,3,1,1,1,i93_sr3_sb,72000,5400,4800,4300,4200,3750,3400,3350,3450,14500,10500,76000,5600,5750,5600,5400,2350,2400,2550,2800,16950,7300,40000
i93_sb_hov_010a,i93_sb_hov_010,Beginning of I-93 north  |southbound HOV lane,150,170,3350,3400,ramphov,0,none,1,1,1,1,i93_sr3_sb,12000,700,750,800,700,850,900,1050,1000,2250,2800,12000,700,750,900,800,850,900,1050,1000,2350,2800,17175
i93_sb_hov_010b,i93_sb_hov_010,Merge from HOV lane |,170,150,4000,4050,ramphov,0,none,1,0,1,1,i93_sr3_sb,12000,700,750,800,700,850,900,1050,1000,2250,2800,12000,700,750,900,800,850,900,1050,1000,2350,2800,17175
i93_sb_1999_hov_010b,i93_sb_hov_010,Merge from (1999) HOV lane |,170,150,3800,3850,ramphov,0,none,,1,0,0,i93_sr3_sb,12000,700,750,800,700,850,900,1050,1000,2250,2800,12000,700,750,900,800,850,900,1050,1000,2350,2800,17175
i93_sb_hov_010,i93_sb_hov_010,I-93 north | southbound HOV lane,170,170,3400,4000,hovright,0,none,1,0,1,1,i93_sr3_sb,12000,700,750,800,700,850,900,1050,1000,2250,2800,12000,700,750,900,800,850,900,1050,1000,2350,2800,17175
i93_sb_1999_hov_010,i93_sb_hov_010,I-93 north (1999) |southbound HOV lane,170,170,3400,3800,hovright,0,none,1,1,0,0,i93_sr3_sb,12000,700,750,800,700,850,900,1050,1000,2250,2800,12000,700,750,900,800,850,900,1050,1000,2350,2800,17175
R12182,R12182,Interchange 33 | Off-ramp to Roosevelt Circle,150,130,2550,2600,ramp_off_left,1,none,1,1,1,1,i93_sr3_sb,10000,600,700,650,450,700,800,900,700,1950,2400,13000,400,300,300,300,900,1000,1000,1000,1000,2900,8500
R12183,R12183,Interchange 33 | On-ramp from Roosevelt Circle,130,150,2650,2700,ramp_on_left,1,none,1,1,1,1,i93_sr3_sb,9500,500,700,650,550,450,400,400,450,1850,1250,12000,1000,1200,1200,800,300,300,300,300,3400,900,8500
R12184,R12184,Interchange 32 | Off-ramp to SR 60,150,130,2800,2850,ramp_off_left,1,none,1,1,1,1,i93_sr3_sb,10500,600,800,800,600,700,700,800,750,2200,2200,12000,700,400,350,500,800,900,1000,1000,1450,2700,11500
R12185,R12185,Interchange 32 | On-ramp from from SR 60,130,150,2900,2950,ramp_on_left,1,none,1,1,1,1,i93_sr3_sb,5000,200,300,300,300,300,250,250,250,800,800,6000,350,700,750,700,450,300,300,300,1800,1050,5500
R12186,R12186,Interchange 31 | On-ramp from |  Mystic Valley Parkway / SR 16,130,150,3000,3050,ramp_on_left,1,none,1,1,1,1,i93_sr3_sb,10000,500,700,700,600,550,500,500,550,1900,1550,10000,750,1000,1100,1000,450,400,400,400,2850,1250,8500
R12187,R12187,Interchange 31 | Off-ramp to | Mystic Valley Parkway / SR 16,150,130,3150,3200,ramp_off_left,1,none,1,1,1,1,i93_sr3_sb,15500,1000,800,800,900,900,950,1050,950,2600,2900,14000,400,500,300,900,1100,1000,1200,1200,1200,3300,15500
R12188,R12188,Interchange 30 |Off-ramp to Mystic Avenue,150,130,3250,3300,ramp_off_left,1,none,1,1,1,1,i93_sr3_sb,8000,600,500,400,500,500,500,700,600,1500,1700,9000,600,450,300,400,600,750,1000,750,1350,2350,12000
R12189,R12189,Interchange 28 | Off-ramp to Sullivan Square,150,130,3450,3500,ramp_off_left,1,none,1,1,1,1,i93_sr3_sb,13500,1300,850,800,800,800,900,1000,800,2950,2700,14000,1200,850,750,700,900,950,1100,950,2800,2950,25000
R12190,R12190,Interchange 28 | On-ramp from SR 28,130,150,3550,3600,ramp_on_left,1,none,1,1,1,1,i93_sr3_sb,22000,1300,1500,1500,1300,1100,1000,900,900,4300,3000,23000,1500,1700,1650,1600,800,900,800,800,4850,2500,10000
i93_sb_480,i93_sb_480,I-93 southbound | between Interhange 28A off-ramp and on-ramp from Route 1,150,150,3750,3900,main,0,none,2,0,1,1,i93_sr3_sb,50000,3800,3500,3100,3000,2400,2100,2100,2300,10400,6600,54000,4200,4050,3900,3900,1150,1500,1950,2200,12150,4600,-9999
i93_sb_490,i93_sb_490,I-93 southbound | between on-ramp from Route 1 and merge with HOV lane,150,150,3900,4050,main,0,none,3,0,1,1,i93_sr3_sb,78000,6000,6000,5300,5000,3800,3400,3350,3500,17300,10550,83000,6300,5950,5500,5400,2550,3100,3550,3900,17750,9200,-9999
i93_sb_500,i93_sb_500,I-93 southbound | between merge with HOV lane and on-ramp from Storrow Drive,150,150,4050,4200,main,0,none,4,0,1,1,i93_sr3_sb,90000,6700,6750,6100,5700,4650,4300,4400,4500,19550,13350,95000,7000,6700,6400,6200,3400,4000,4600,4900,20100,12000,-9999
i93_sb_510,i93_sb_510,I-93 southbound | between on-ramp from Storrow Drive and off-ramp for Interchange 24 A and B,150,150,4200,4350,main,0,none,5,0,1,1,i93_sr3_sb,118000,7700,8400,7650,7100,6300,5900,6000,6100,23750,18200,123000,8200,8300,7800,7500,4600,5200,5900,6300,24300,15700,-9999
i93_sb_520,i93_sb_520,I-93 southbound | between off-ramp for Interhange 24 A and B and Government Center on-ramp,150,150,4350,4600,main,0,none,4,0,1,1,i93_sr3_sb,90000,6200,6800,5800,5500,4600,4100,4300,4600,18800,13000,91000,6700,6700,6050,5850,3000,3500,4100,4400,19450,10600,-9999
i93_sb_530,i93_sb_530,I-93 southbound | between Government Center on-ramp and Interchange 23 off-ramp,150,150,4600,4750,main,0,none,5,0,1,1,i93_sr3_sb,104000,6700,7700,6700,6200,5500,5000,5200,5400,21100,15700,107000,7600,7800,6950,6750,3850,4400,5000,5300,22350,13250,-9999
i93_sb_540,i93_sb_540,I-93 southbound | between Interchange 23 off-ramp and Interchange 22 off-ramp,150,150,4750,4900,main,0,none,4,0,1,1,i93_sr3_sb,91500,5750,6300,5250,5050,4900,4300,4400,4800,17300,13600,94000,6600,6300,5450,5550,3250,3700,4200,4700,18350,11150,-9999
i93_sb_550,i93_sb_550,I-93 southbound | between Interchange 22 off-ramp and Lincoln Street on-ramp,150,150,4900,5200,main,0,none,3,0,1,1,i93_sr3_sb,63500,3750,3600,2950,2950,3100,2500,2600,3100,10300,8200,63000,4400,3800,3250,3550,2400,2900,3450,3500,11450,8750,-9999
i93_sb_560,i93_sb_560,I-93 southbound | between Lincoln Street on-ramp and on-ramp from C-D road,150,150,5200,5300,main,0,none,4,0,1,1,i93_sr3_sb,66500,3850,3750,3100,3100,3350,2750,2850,3350,10700,8950,67000,4550,4000,3450,3750,2700,3200,3750,3800,12000,9650,-9999
i93_sb_570,i93_sb_570,I-93 southbound | between on-ramp from C-D road and on-ramp from I-90,150,150,5300,5500,main,0,none,4,0,1,1,i93_sr3_sb,74500,4050,4250,3600,3700,3950,3450,3500,3850,11900,10900,75000,4750,4250,3750,4150,3200,3700,4150,4200,12750,11050,-9999
R12191,R12191,Interchange 28A |Off-ramp to Leverett Circle,150,130,3750,3800,ramp_off_left,1,none,1,0,1,1,i93_sr3_sb,22000,1600,1300,1200,1200,1350,1300,1250,1150,4100,3900,22000,1400,1700,1700,1500,1200,900,600,600,4800,2700,-9999
R_us1_sb_i93_sb,R_us1_sb_i93_sb,Interchange 28A | On-ramp from US 1,130,150,3850,3900,ramp_on_left,1,none,1,0,1,1,i93_sr3_sb,28000,2200,2500,2200,2000,1400,1300,1250,1200,6900,3950,29000,2100,1900,1600,1500,1400,1600,1600,1700,5600,4600,-9999
R_sr3_sb_i93_sb,R_sr3_sb_i93_sb,Interchange 24 | On-ramp from Storrow Drive / SR 3,130,150,4150,4200,ramp_on_left,1,none,1,0,1,1,i93_sr3_sb,28000,1000,1650,1550,1400,1650,1600,1600,1600,4200,4850,28000,1200,1600,1400,1300,1200,1200,1300,1400,4200,3700,-9999
R12193,R12193,Interchange 24 A and B | Off-ramp,150,130,4350,4400,ramp_off_left,0,none,1,0,1,1,i93_sr3_sb,28000,1500,1600,1850,1600,1700,1800,1700,1500,4950,5200,32000,1500,1600,1750,1650,1600,1700,1800,1900,4850,5100,-9999
R_i93_sb_n476_nb,R_i93_sb_n476_nb,Interchange 24B | Off-ramp to Logan Airport,130,130,4400,4500,rampleftmain,1,none,1,0,1,1,i93_sr3_sb,19000,1000,650,600,600,1300,1400,1250,1100,2250,3950,22000,1000,800,700,750,1200,1300,1300,1400,2500,3800,-9999
R12113,R12113,Interchange 24A |Off-ramp to Government Center,130,110,4400,4450,ramp_off_left,1,none,1,0,1,1,i93_sr3_sb,9000,500,950,1250,1000,400,400,450,400,2700,1250,10000,500,800,1050,900,400,400,500,500,2350,1300,-9999
R12114,R12114,Interchange 24 | On-ramp from Government Center,130,150,4550,4600,ramp_on_left,1,none,1,0,1,1,i93_sr3_sb,14000,500,900,900,700,900,900,900,800,2300,2700,16000,900,1100,900,900,850,900,900,900,2900,2650,-9999
R12115,R12115,Interchange 23 | Off-ramp to Purchase Street,150,130,4750,4800,ramp_off_left,1,none,1,0,1,1,i93_sr3_sb,12500,950,1400,1450,1150,600,700,600,600,3800,1900,13000,1000,1500,1500,1200,600,700,800,600,4000,2100,-9999
R12116,R12116,Interchange 22 | Off-ramp to Summer Street,150,130,4900,4950,ramp_off_left,1,none,1,0,1,1,i93_sr3_sb,28000,2000,2700,2300,2100,1800,1800,1800,1700,7000,5400,31000,2200,2500,2200,2000,850,800,750,1200,6900,2400,-9999
R12116_01,R12116,Interchange 24 C-D road |between Exit 23 off-ramp and Exit 22 off-ramp,130,130,4950,5000,mainleft,0,none,1,0,1,1,i93_sr3_sb,28000,2000,2700,2300,2100,1800,1800,1800,1700,7000,5400,31000,2200,2500,2200,2000,850,800,750,1200,6900,2400,-9999
R50132_part_1,R50132_part_1,Interchange 24 C-D road | between Interchange 22 off-ramp and Congress Street on-ramp,130,130,5000,5150,mainleft,0,none,1,0,1,1,i93_sr3_sb,18000,1300,2000,1800,1600,1350,1350,1350,1250,5100,4050,20000,1500,1700,1400,1200,350,250,200,600,4600,800,-9999
R50132_part_2,R50132_part_2,Interchange 24 C-D road | between Congress Street on-ramp and I-90 off-ramp / on-ramp to I-93 southbound,130,130,5150,5250,mainleft,0,none,1,0,1,1,i93_sr3_sb,29000,1500,2400,2300,2100,2350,2550,2550,2300,6200,7450,34000,1750,2200,2000,1800,1600,1750,1700,1900,5950,5050,-9999
R12117,R12117,Interchange 22 | Off-ramp to Summer Street,130,110,5000,5050,ramp_off_left,1,none,1,0,1,1,i93_sr3_sb,10000,700,700,500,500,450,450,450,450,1900,1350,11000,700,800,800,800,500,550,550,600,2300,1600,-9999
R12118,R12118,Interchange 22 | On-ramp from Congress Street,110,130,5100,5150,ramp_on_left,1,none,1,0,1,1,i93_sr3_sb,11000,200,400,500,500,1000,1200,1200,1050,1100,3400,14000,250,500,600,600,1250,1500,1500,1300,1350,4250,-9999
R12125,R12125,On-ramp from C-D road |,130,150,5250,5300,ramp_on_left,1,none,1,0,1,1,i93_sr3_sb,8000,200,500,500,600,600,700,650,500,1200,1950,8000,200,250,300,400,500,500,400,400,750,1400,-9999
R50132_part_3,R50132_part_3,Off-ramp to | I-90 and Albany Street,130,110,5250,5300,ramp_off_left,0,none,1,0,1,1,i93_sr3_sb,21000,1300,1900,1800,1500,1750,1850,1900,1800,5000,5500,26000,1550,1950,1700,1400,1100,1250,1300,1500,5200,3650,-9999
R12121,R12121,Off-ramp to | Albany Street,110,110,5300,5400,rampleftmain,1,none,1,0,1,1,i93_sr3_sb,10000,700,1200,1050,800,950,1050,1100,1050,2950,3100,14000,850,1200,950,750,600,650,700,800,3000,1950,-9999
R50132_part_4,R50132_part_4,Off-ramp to | I-90 westbound,110,90,5300,5350,ramp_off_left,1,none,1,0,1,1,i93_sr3_sb,11000,600,700,750,700,800,800,800,750,2050,2400,12000,700,750,750,650,500,600,600,700,2200,1700,-9999
R12124,R12124,Interchange 22 | On-ramp from Lincoln Street,170,150,5150,5200,ramp_on_right,1,none,1,0,1,1,i93_sr3_sb,3000,100,150,150,150,250,250,250,250,400,750,4000,150,200,200,200,300,300,300,300,550,900,-9999
i93_sb_580,i93_sb_580,I-93 southbound | between I-90 on-ramp and Albany Street on-ramp,150,150,5500,5600,main,0,none,5,0,1,1,i93_sr3_sb,100500,5350,6000,5350,5300,5500,5050,5050,5300,16700,15600,102000,6150,6150,5600,5750,4950,5250,5600,5500,17900,15800,-9999
i93_sb_590,i93_sb_590,I-93 southbound | between Albany Street on-ramp and Interchange 18 off-ramp,150,150,5600,5700,main,0,none,5,0,1,1,i93_sr3_sb,115000,5600,6500,5900,5900,6600,6350,6350,6300,18000,19300,117000,6450,6750,6200,6350,6150,6250,6400,6200,19400,18800,-9999
i93_sb_600,i93_sb_600,I-93 southbound | between Interchange 18 off-ramp and HOV on-ramp,150,150,5700,5850,main,0,none,5,0,1,1,i93_sr3_sb,91000,4000,4900,4500,4500,5500,5400,5400,5100,13400,16300,93000,4650,4950,4600,4700,5200,5300,5300,5000,14200,15800,-9999
i93_sb_610,i93_sb_610,I-93 southbound | between HOV on-ramp and Frontage Road / Southampton Street on-ramp,150,150,5850,5950,main,0,none,4,0,1,1,i93_sr3_sb,95000,4050,5050,4600,4600,6100,6100,6100,5600,13700,18300,97000,4700,5100,4700,4800,5800,6000,6000,5500,14500,17800,-9999
i93_sb_620,i93_sb_620,I-93 southbound |,150,150,5950,6100,main,0,none,4,0,1,1,i93_sr3_sb,114000,4550,5900,5400,5400,7500,7400,7400,6800,15850,22300,116000,5300,6050,5600,5700,7100,7200,7200,6600,16950,21500,-9999
i93_sb_630,i93_sb_630,I-93-southbound | between Interchange 15 off- and on-ramps,150,150,6100,6250,main,0,none,4,1,1,1,i93_sr3_sb,97000,3800,4800,4200,4200,6800,6700,6700,6000,12800,20200,97900,4200,4650,4300,4400,6200,6350,6300,5600,13150,18850,94800
i93_sb_640,i93_sb_640,I-93-southbound | between Interchange 15 on-ramp and start of HOV lane,150,150,6250,6350,main,0,none,4,1,1,1,i93_sr3_sb,108000,4200,5300,4700,4600,7800,7700,7700,6800,14200,23200,108500,4700,5350,4800,4900,7150,7600,7200,6300,14850,21950,106000
R11732,R11732,On-ramp from I-90 |,170,150,5450,5500,ramp_on_right,1,none,1,0,1,1,i93_sr3_sb,26000,1300,1750,1750,1600,1550,1550,1550,1450,4800,4650,27000,1400,1900,1850,1600,1750,1550,1450,1300,5150,4750,-9999
R12126,R12126,On-ramp from | Albany Street,130,150,5550,5600,ramp_on_left,1,none,1,0,1,1,i93_sr3_sb,14500,250,500,550,600,1100,1300,1300,1000,1300,3700,15000,300,600,600,600,1200,1000,800,700,1500,3000,-9999
R12127,R12127,Interchange 18 | Off-ramp to Massachusetts Avenue,150,130,5700,5750,ramp_off_left,1,none,1,0,1,1,i93_sr3_sb,24000,1600,1600,1400,1400,1100,900,950,1200,4600,2950,24000,1800,1800,1600,1650,950,950,1100,1200,5200,3000,-9999
R12131,R12131,HOV on-ramp |,170,150,5800,5850,ramp_on_right,1,none,1,0,1,1,i93_sr3_sb,4000,50,150,100,100,600,700,700,500,300,2000,4000,50,150,100,100,600,700,700,500,300,2000,-9999
R12132,R12132,On-ramp from | Frontage Road / Southamption Street,130,150,5900,5950,ramp_on_left,1,none,1,0,1,1,i93_sr3_sb,19000,500,850,800,800,1400,1300,1300,1200,2150,4000,19000,600,950,900,900,1300,1200,1200,1100,2450,3700,-9999
R12064,R12064,Interchange 15 | Off-ramp to Columbia Road,150,130,6100,6150,ramp_off_left,1,none,1,1,1,1,i93_sr3_sb,17000,750,1100,1200,1200,700,700,700,800,3050,2100,18100,1100,1400,1300,1300,900,850,900,1000,3800,2650,14500
R12065,R12065,Interchange 15 | On-ramp from Coumbia Road,130,150,6200,6250,ramp_on_left,1,none,1,1,1,1,i93_sr3_sb,11000,400,500,500,400,1000,1000,1000,800,1400,3000,10600,500,700,500,500,950,950,900,700,1700,2800,11200
i93_sb_650,i93_sb_650,I-93-southbound | between start of HOV lane and Interchange 13 on-ramp,150,150,6350,6450,main,0,none,4,1,1,1,i93_sr3_sb,103500,4200,5300,4700,4950,6700,6500,6500,5800,14200,19700,104000,4700,5350,4800,4900,6050,6100,6000,5300,14850,18150,102000
i93_sb_660,i93_sb_660,I-93-southbound | between Interchange 13 on-ramp and Interchange 14 on-ramp,150,150,6450,6550,main,0,none,4,1,1,1,i93_sr3_sb,112000,4450,5700,5100,5150,7400,7250,7250,6500,15250,21900,113600,5050,5850,5400,5350,6850,6750,6600,5950,16300,20200,111500
i93_sb_670,i93_sb_670,I-93-southbound | between Interchange 14 on-ramp and Interchange 12 off-ramp,150,150,6550,6650,main,0,none,4,1,1,1,i93_sr3_sb,118500,4550,5950,5400,4350,7900,7800,7800,7000,15900,23500,119200,5200,6150,5750,5600,7350,7250,7100,6500,17100,21700,117500
i93_sb_680,i93_sb_680,I-93-southbound | between Interchange 12 off-ramp and Interchange 11 off-ramp to Granite Avenue westbound,150,150,6650,6750,main,0,none,4,1,1,1,i93_sr3_sb,101000,3900,5050,4700,4050,6850,6750,6700,6000,13650,20300,101700,4500,5350,5150,4900,6250,6150,6000,5500,15000,18400,96500
i93_sb_690,i93_sb_690,I-93-southbound | between Interchange 12 off-ramp and Interchange 11 off-ramp to Granite Avenue westbound,150,150,6750,6850,main,0,none,4,1,1,1,i93_sr3_sb,96000,3650,4750,4400,4000,6600,6540,6400,5750,12800,19540,95700,4250,5050,4850,4600,5900,5750,5600,5150,14150,17250,89500
i93_sb_700,i93_sb_700,I-93-southbound | between Interchange 11 off-ramp to Granite Avenue eastbound and Interchange 11 on-ramp,150,150,6850,7000,main,0,none,4,1,1,1,i93_sr3_sb,93500,3625,4700,4350,4450,6250,6050,5900,5550,12675,18200,94200,4225,5025,4825,4575,5700,5450,5150,4950,14075,16300,88000
i93_sb_710,i93_sb_710,I-93-southbound | between Interchange 11 on-ramp and Interchange 10 off-ramp,150,150,7000,7100,main,0,none,4,1,1,1,i93_sr3_sb,102500,3925,5150,4850,4250,6800,6650,6450,6100,13925,19900,101400,4575,5475,5325,5025,6100,5850,5450,5400,15375,17400,96000
i93_sb_720,i93_sb_720,I-93 southbound | between Interchange 10 off-ramp and Interchange 9 off-ramp,150,150,7100,7200,main,0,none,4,1,1,1,i93_sr3_sb,98000,3775,4900,4650,4100,6400,6250,6050,5750,13325,18700,96300,4425,5225,5125,4825,5600,5350,5050,5000,14775,16000,91000
i93_sb_730,i93_sb_730,I-93 southbound | between Interchange 10 off-ramp and Interchange 9 off-ramp,150,150,7200,7350,main,0,none,4,1,1,1,i93_sr3_sb,93500,3700,4750,4500,4650,6000,5800,5550,5400,12950,17350,92200,4350,5100,5000,4700,5200,4850,4550,4600,14450,14600,87500
i93_sb_740,i93_sb_740,I-93 southbound | between Interchange 9 on-ramp and Interchange 8 off-ramp,150,150,7350,7450,main,0,none,4,1,1,1,i93_sr3_sb,103500,4100,5450,5200,4300,6700,6500,6200,6100,14750,19400,101700,4800,5850,5750,5300,5800,5350,5050,5200,16400,16200,98500
i93_sb_750,i93_sb_750,I-93 southbound | between Interchange 8 off- and on-ramps,150,150,7450,7600,main,0,none,4,1,1,1,i93_sr3_sb,94000,3850,5050,4700,4750,5650,5400,5150,5400,13600,16200,91500,4600,5450,5250,4950,4700,4100,4050,4250,15300,12850,88500
i93_sb_760,i93_sb_760,I-93 southbound | between Interchange 8 on-ramp and on-ramp from HOV lane,150,150,7600,7700,main,0,none,4,1,1,1,i93_sr3_sb,102500,4200,5650,5300,4750,6300,6200,5950,6000,15150,18450,99500,5000,6050,5900,5400,5300,4800,4800,5000,16950,14900,97500
i93_sb_770,i93_sb_770,I-93 southbound | between on-ramp from HOV lane and I-93 / SR-3 split,150,150,7700,7800,main,0,none,4,1,1,1,i93_sr3_sb,107000,4200,5650,5300,4750,7400,7400,7150,7000,15150,21950,104000,5000,6050,5900,5400,6400,6000,6000,6000,16950,18400,101000
sr3_sb_010,sr3_sb_010,SR-3 southbound | between I-93 and off-ramp to Washington Street,150,150,7800,7900,main,0,none,3,1,1,1,i93_sr3_sb,51000,1750,2550,2450,2300,3800,3850,4050,3800,6750,11700,51000,2450,2850,2800,2650,2900,2700,2900,2900,8100,8500,46000
sr3_sb_020,sr3_sb_020,SR 3 southbound | between off-ramp to Washington Street and on-ramp from Route 128,150,150,7900,8050,main,0,none,2,1,1,1,i93_sr3_sb,42000,1500,2100,2000,1900,3200,3100,3100,3100,5600,9400,42000,2150,2400,2300,2150,2250,2000,2100,2200,6850,6350,39000
R12066,R12066,Interchange 13 | On-ramp from Freeport Street,130,150,6400,6450,ramp_on_left,1,none,1,1,1,1,i93_sr3_sb,8500,250,400,400,350,700,750,750,700,1050,2200,9600,350,500,600,450,800,650,600,650,1450,2050,9000
R12067,R12067,Interchange 14 | On-ramp from Morrissey Boulevard,130,150,6500,6550,ramp_on_left,1,none,1,1,1,1,i93_sr3_sb,6500,100,250,300,200,500,550,550,500,650,1600,5600,150,300,350,250,500,500,500,550,800,1500,6000
R_i93_sb_sr3a_sb,R_i93_sb_sr3a_sb,Interchange 12 | Off-ramp to SR 3A,150,130,6650,6700,ramp_off_left,1,none,1,1,1,1,i93_sr3_sb,17500,650,900,700,800,1050,1100,1100,1000,2250,3250,17500,700,800,600,700,1100,1100,1100,1000,2100,3300,21000
R12069,R12069,Interchange 11 | Off-ramp to Granite Avenue WB,150,130,6750,6800,ramp_off_left,1,none,1,1,1,1,i93_sr3_sb,5000,250,300,300,300,250,300,300,250,850,850,6000,250,300,300,300,350,400,400,350,850,1150,7000
R12070,R12070,Interchange 11 | Off-ramp to Granite Avenue EB,150,130,6850,6900,ramp_off_left,1,none,1,1,1,1,i93_sr3_sb,2500,25,50,50,50,350,500,500,200,125,1350,1500,25,25,25,25,200,300,450,200,75,950,1500
R12071,R12071,Interchange 11 | On-ramp from Granite Avenue,130,150,6950,7000,ramp_on_left,1,none,1,1,1,1,i93_sr3_sb,9000,300,450,500,450,550,550,550,550,1250,1650,7200,350,450,500,450,400,400,300,450,1300,1100,8000
R12072,R12072,Interchange 10 | Off-ramp to Squantum Street,150,130,7100,7150,ramp_off_left,1,none,1,1,1,1,i93_sr3_sb,4500,150,250,200,200,400,400,400,350,600,1200,5100,150,250,200,200,500,500,400,400,600,1400,5000
R12073,R12073,Interchange 9 | Off-ramp to East Milton Square,150,130,7200,7250,ramp_off_left,1,none,1,1,1,1,i93_sr3_sb,4500,75,150,150,150,400,500,500,350,375,1400,4100,75,125,125,125,400,500,500,400,325,1400,3500
R12074,R12074,Interchange 9 | On-ramp from East Milton Square,130,150,7300,7350,ramp_on_left,1,none,1,1,1,1,i93_sr3_sb,10000,400,700,700,550,700,650,650,700,1800,2000,9500,450,750,750,600,600,500,500,600,1950,1600,11000
R12075,R12075,Interchange 8 | Off-ramp to| Furnace Brook Parkway,150,130,7450,7500,ramp_off_left,1,none,1,1,1,1,i93_sr3_sb,9500,250,400,500,350,1050,1050,1050,700,1150,3150,10200,200,400,500,350,1100,1250,1000,950,1100,3350,10000
R12076,R12076,Interchange 8 | On-ramp from | Furnace Brook Parkway,130,150,7550,7600,ramp_on_left,1,none,1,1,1,1,i93_sr3_sb,8500,350,600,600,450,650,800,800,600,1550,2250,8000,400,600,650,450,600,700,750,750,1650,2050,9000
i93_sb_780,i93_sb_780,Ramp to |I-93 / SR 128,150,130,7800,7850,ramp_off_left,1,none,2,1,1,1,i93_sr3_sb,56000,2450,3100,2850,2450,3600,3550,3450,3400,8400,10600,53000,2550,3200,3100,2750,3500,3300,3100,3100,8850,9900,55000
R12078,R12078,Off-ramp to | Washington Street,150,130,7900,7950,ramp_off_left,1,none,1,1,1,1,i93_sr3_sb,9000,250,450,450,400,600,850,850,700,1150,2300,9000,300,450,500,500,650,700,800,700,1250,2150,7000
i93_sb_hov_020a,i93_sb_hov_020,Start of I-93 south |southbound HOV lane,150,170,6350,6400,ramphov,0,pm_only,1,1,1,1,i93_sr3_sb,4500,-9999,-9999,-9999,-9999,1100,1200,1200,1000,-9999,3500,4500,-9999,-9999,-9999,-9999,1100,1200,1200,1000,-9999,3500,3500
i93_sb_hov_020,i93_sb_hov_020,I-93 south | soutbound HOV lane,170,170,6400,7650,hovright,0,pm_only,1,1,1,1,i93_sr3_sb,4500,-9999,-9999,-9999,-9999,1100,1200,1200,1000,-9999,3500,4500,-9999,-9999,-9999,-9999,1100,1200,1200,1000,-9999,3500,3500
i93_sb_hov_020b,i93_sb_hov_020,End of I-93 south |  southbound HOV lane,170,150,7650,7700,ramphov,0,pm_only,1,1,1,1,i93_sr3_sb,4500,-9999,-9999,-9999,-9999,1100,1200,1200,1000,-9999,3500,4500,-9999,-9999,-9999,-9999,1100,1200,1200,1000,-9999,3500,3500
sr3_sb_030,sr3_sb_030,SR 3 southbound | between on-ramp from Route 128 and Interchange 19 on-ramp,150,150,8050,8150,main,0,none,3,1,1,1,i93_sr3_sb,67000,2600,3300,3300,3200,5400,5200,5100,5200,9200,15700,69000,2950,3400,3500,3450,4400,4100,4100,4200,9850,12600,67000
sr3_sb_040,sr3_sb_040,SR 3 southbound | between Route 128 and I-93 on-ramps and Interchange 19 on-ramp,150,150,8150,8250,main,0,none,3,1,1,1,i93_sr3_sb,79000,2900,3800,3800,3700,6400,6400,6400,6350,10500,19200,81000,3250,3900,3950,3900,5450,5400,5400,5400,11100,16250,79000
sr3_sb_050,sr3_sb_050,SR 3 southbound | between Interchange 17 off- and on-ramps,150,150,8250,8400,main,0,none,3,1,1,1,i93_sr3_sb,63000,2300,3100,3100,2950,5200,5200,5200,5250,8500,15600,65000,2600,3150,3200,3100,4250,4200,4200,4400,8950,12650,63000
sr3_sb_060,sr3_sb_060,SR 3 southbound | between Interchange 17 on-ramp and 16 off-ramp to SR 18 southbound,150,150,8400,8500,main,0,none,3,1,1,1,i93_sr3_sb,71000,2500,3500,3500,3300,5900,6000,6000,5900,9500,17900,73000,2800,3500,3600,3400,4900,5000,5000,5000,9900,14900,71000
sr3_sb_070,sr3_sb_070,SR 3 southbound | between Interchange 16 of-ramp to SR 18 SB and on-ramp from SR 18 SB,150,150,8500,8650,main,0,none,3,1,1,1,i93_sr3_sb,59000,1900,2900,2900,2700,5150,5200,5200,5100,7700,15550,60000,2050,2800,2900,2700,4350,4300,4300,4450,7750,12950,58500
sr3_sb_080,sr3_sb_080,SR 3 southbound | between Interchange 16 on-ramp from SR 18 SB and off-ramp to SR 18 NB,150,150,8650,8750,main,0,none,3,1,1,1,i93_sr3_sb,63000,2050,3150,3200,2900,5450,5500,5500,5350,8400,16450,64000,2200,3100,3200,2900,4700,4650,4650,4750,8500,14000,62500
sr3_sb_090,sr3_sb_090,SR 3 southbound | between Interchange 16 off-ramp to SR 18 NB and on-ramp from SR 18 NB,150,150,8750,8900,main,0,none,3,1,1,1,i93_sr3_sb,54500,1850,2850,2800,2500,4700,4900,4900,4750,7500,14500,56000,1950,2800,2850,2500,4250,4300,4300,4350,7600,12850,53500
sr3_sb_100,sr3_sb_100,SR 3 southbound | between Interchange 16 on-ramp from SR18 NB and Intechange 15 off-ramp,150,150,8900,9000,main,0,none,3,1,1,1,i93_sr3_sb,56500,1900,2950,2950,2600,4850,5050,5050,4850,7800,14950,58000,2000,2900,3000,2600,4450,4450,4450,4500,7900,13350,55500
sr3_sb_110,sr3_sb_110,SR 3 southbound | between Interchange 15 off- and on-ramps,150,150,9000,9150,main,0,none,2,1,1,1,i93_sr3_sb,47000,1550,2450,2400,2100,4100,4300,4300,4100,6400,12700,48000,1650,2350,2450,2100,3650,3650,3650,3700,6450,10950,46500
sr3_sb_120,sr3_sb_120,SR 3 southbound | between Interchange 15 on-ramp and  Interchange 14 off-ramp,150,150,9150,9250,main,0,none,2,1,1,1,i93_sr3_sb,53500,1700,2750,2750,2400,4700,4950,5000,4550,7200,14650,55000,1850,2750,2850,2450,4350,4450,4400,4200,7450,13200,51500
sr3_sb_130,sr3_sb_130,SR 3 southbound | between Interchange 14 off- and on-ramps,150,150,9250,9400,main,0,none,2,1,1,1,i93_sr3_sb,39000,1050,1750,1700,1700,3450,3800,3850,3500,4500,11100,40000,1250,1700,1700,1650,3150,3350,3350,3200,4650,9850,38000
sr3_sb_140,sr3_sb_140,SR 3 southbound | between Interchange 14 on-ramp and Interchange 13 off-ramp,150,150,9400,9500,main,0,none,2,1,1,1,i93_sr3_sb,45000,1200,2000,2000,2000,4000,4450,4500,3900,5200,12950,46000,1450,2000,2000,1950,3750,4150,4150,3700,5450,12050,45000
sr3_sb_150,sr3_sb_150,SR 3 southbound | between Interchange 13 off-ramp and Interchange 13 on-ramp,150,150,9500,9650,main,0,none,2,1,1,1,i93_sr3_sb,33500,950,1500,1500,1450,3000,3300,3350,2900,3950,9650,34000,1150,1500,1400,1350,2650,3050,3050,2700,4050,8750,33000
sr3_sb_160,sr3_sb_160,SR 3 southbound | between Interchange 13 on-ramp and Interchange 12 off-ramp,150,150,9650,9750,main,0,none,2,1,1,1,i93_sr3_sb,38500,1000,1650,1700,1650,3500,3800,3950,3300,4350,11250,40000,1250,1700,1600,1550,3150,3550,3600,3100,4550,10300,38000
sr3_sb_170,sr3_sb_170,SR 3 southbound | between Interchange 12 off-ramp and Interchange 12 on-ramp,150,150,9750,9900,main,0,none,2,1,1,1,i93_sr3_sb,26000,700,1200,1200,1200,2300,2600,2600,2150,3100,7500,27000,850,1200,1050,1050,2050,2400,2200,1950,3100,6650,26000
sr3_sb_180,sr3_sb_180,SR 3 southbound | between Interchange 12 on-ramp and Interchange 11 off-ramp,150,150,9900,10000,main,0,none,2,1,1,1,i93_sr3_sb,33500,1000,1650,1700,1600,2900,3250,3300,2600,4350,9450,35000,1150,1700,1550,1450,2750,3100,2900,2450,4400,8750,31500
R12016,R12016,On-ramp from | SR 128,130,150,8000,8050,ramp_on_left,1,none,1,1,1,1,i93_sr3_sb,25000,1100,1200,1300,1300,2200,2100,2250,2300,3600,6550,27000,800,1000,1200,1300,2150,2100,2000,2000,3000,6250,29000
R22034,R22034,Interchange 19 | On-ramp,130,150,8100,8150,ramp_on_left,1,none,1,1,1,1,i93_sr3_sb,12000,300,500,500,500,1000,1200,1300,1150,1300,3500,12000,300,500,450,450,1050,1300,1300,1200,1250,3650,12000
R22035,R22035,Interchange 17 | Off-ramp to Union Street,130,150,8200,8250,ramp_off_left,1,none,1,1,1,1,i93_sr3_sb,16000,600,700,700,750,1200,1200,1200,1100,2000,3600,16000,650,750,750,800,1200,1200,1200,1000,2150,3600,16000
R22036,R22036,Interchange 17 | On-ramp from Union Street,130,150,8350,8400,ramp_on_left,1,none,1,1,1,1,i93_sr3_sb,8000,200,400,400,350,700,800,800,650,1000,2300,8000,200,350,400,300,650,800,800,600,950,2250,8000
R22037,R22037,Interchange 16 | Off-ramp to SR 18 SB,150,130,8500,8550,ramp_off_left,1,none,1,1,1,1,i93_sr3_sb,12000,600,600,600,600,750,800,800,800,1800,2350,13000,750,700,700,700,550,700,700,550,2150,1950,12500
R22038,R22038,Interchange 16 | On-ramp from SR 18 SB,130,150,8600,8650,ramp_on_left,1,none,1,1,1,1,i93_sr3_sb,4000,150,250,300,200,300,300,300,250,700,900,4000,150,300,300,200,350,350,350,300,750,1050,4000
R22039,R22039,Interchange 16 | Off-ramp to SR 18 NB,150,130,8750,8800,ramp_off_left,1,none,1,1,1,1,i93_sr3_sb,8500,200,300,400,400,750,600,600,600,900,1950,8000,250,300,350,400,450,350,350,400,900,1150,9000
R22040,R22040,Interchange 16 | Off-ramp to SR 18 NB,130,150,8850,8900,ramp_off_left,1,none,1,1,1,1,i93_sr3_sb,2000,50,100,150,100,150,150,150,100,300,450,2000,50,100,150,100,200,150,150,150,300,500,2000
R22041,R22041,Interchange 15 | Off-ramp to Derby Street,150,130,9000,9050,ramp_off_left,1,none,1,1,1,1,i93_sr3_sb,9500,350,500,550,500,750,750,750,750,1400,2250,10000,350,550,550,500,800,800,800,800,1450,2400,9000
R22042,R22042,Interchange 15 | On-ramp from Derby Street,130,150,9100,9150,ramp_on_left,1,none,1,1,1,1,i93_sr3_sb,6500,150,300,350,300,600,650,700,450,800,1950,7000,200,400,400,350,700,800,750,500,1000,2250,5000
R22043,R22043,Interchange 14 | Off-ramp to SR 228,150,130,9250,9300,ramp_off_left,1,none,1,1,1,1,i93_sr3_sb,14500,50,1000,1050,700,1250,1150,1150,1050,2100,3550,15000,600,1050,1150,800,1200,1100,1050,1000,2800,3350,13500
R22044,R22044,Interchange 14 | On-ramp from SR 228,130,150,9350,9400,ramp_on_left,1,none,1,1,1,1,i93_sr3_sb,6000,150,250,300,300,550,650,650,400,700,1850,6000,200,300,300,300,600,800,800,500,800,2200,7000
R22045,R22045,Interchange 13 | Off-ramp to SR 53,150,130,9500,9550,ramp_off_left,1,none,1,1,1,1,i93_sr3_sb,11500,250,500,500,550,1000,1150,1150,1000,1250,3300,12000,300,500,600,600,1100,1100,1100,1000,1400,3300,12000
R22046,R22046,Interchange 13 | On-ramp from SR 53,130,150,9600,9650,ramp_on_left,1,none,1,1,1,1,i93_sr3_sb,5000,50,150,200,200,500,500,600,400,400,1600,6000,100,200,200,200,500,500,550,400,500,1550,5000
R22047,R22047,Interchange 12 | Off-ramp to SR 139,150,130,9750,9800,ramp_off_left,1,none,1,1,1,1,i93_sr3_sb,12500,300,450,500,450,1200,1200,1350,1150,1250,3750,13000,400,500,550,500,1100,1150,1400,1150,1450,3650,12000
R22048,R22048,Interchange 12 | On-ramp from SR 139,130,150,9850,9900,ramp_on_left,1,none,1,1,1,1,i93_sr3_sb,7500,300,450,500,400,600,650,700,450,1250,1950,8000,300,500,500,400,700,700,700,500,1300,2100,5500
i93_sb_1999_010,i93_sb_1999_010,I93- southbound (1999) |between Interchange 29 on-ramp from Route 28 and HOV lane merge,150,150,3750,3850,main,0,none,2,1,0,0,i93_sr3_sb,-9999,-9999,-9999,-9999,-9999,-9999,-9999,-9999,-9999,-9999,-9999,-9999,-9999,-9999,-9999,-9999,-9999,-9999,-9999,-9999,-9999,-9999,39675
i93_sb_1999_020,i93_sb_1999_020,I93- southbound (1999) | between HOV lane merge and Interchange 27 on-ramp from Route 1,150,150,3850,3950,main,0,none,2,1,0,0,i93_sr3_sb,-9999,-9999,-9999,-9999,-9999,-9999,-9999,-9999,-9999,-9999,-9999,-9999,-9999,-9999,-9999,-9999,-9999,-9999,-9999,-9999,-9999,-9999,56850
R_1999_101,R_1999_101,Interchange 27 (1999) | On-ramp from Route 1,130,150,3900,3950,ramp_on_left,1,none,1,1,0,0,i93_sr3_sb,-9999,-9999,-9999,-9999,-9999,-9999,-9999,-9999,-9999,-9999,-9999,-9999,-9999,-9999,-9999,-9999,-9999,-9999,-9999,-9999,-9999,-9999,27050
i93_sb_1999_030,i93_sb_1999_030,I93- southbound (1999) | between Interchange 27 on-ramp from Route 1 and Interchange 26 off-ramp to Storrow Drive,150,150,3950,4050,main,0,none,3,1,0,0,i93_sr3_sb,-9999,-9999,-9999,-9999,-9999,-9999,-9999,-9999,-9999,-9999,-9999,-9999,-9999,-9999,-9999,-9999,-9999,-9999,-9999,-9999,-9999,-9999,83900
R_1999_102,R_1999_102,Interchange 26 (1999) | Off-ramp to Storrow Drive,150,130,4050,4100,ramp_off_left,1,none,2,1,0,0,i93_sr3_sb,-9999,-9999,-9999,-9999,-9999,-9999,-9999,-9999,-9999,-9999,-9999,-9999,-9999,-9999,-9999,-9999,-9999,-9999,-9999,-9999,-9999,-9999,25050
i93_sb_1999_040,i93_sb_1999_040,I93- southbound (1999) | between Interchange 26 on-ramp from Storrow Drive and off-ramp to Storrow Drive,150,150,4050,4200,main,0,none,2,1,0,0,i93_sr3_sb,-9999,-9999,-9999,-9999,-9999,-9999,-9999,-9999,-9999,-9999,-9999,-9999,-9999,-9999,-9999,-9999,-9999,-9999,-9999,-9999,-9999,-9999,58850
R_1999_103,R_1999_103,Interchange 26 (1999) | On-ramp from Storrow Drive,130,150,4150,4200,ramp_on_left,1,none,2,1,0,0,i93_sr3_sb,-9999,-9999,-9999,-9999,-9999,-9999,-9999,-9999,-9999,-9999,-9999,-9999,-9999,-9999,-9999,-9999,-9999,-9999,-9999,-9999,-9999,-9999,22600
i93_sb_1999_050,i93_sb_1999_050,I93- southbound (1999) | between Interchange 26 on-ramp from Storrow Drive and Interchange 25 off-ramp to Haymarket/Causeway,150,150,4200,4300,main,0,none,3,1,0,0,i93_sr3_sb,-9999,-9999,-9999,-9999,-9999,-9999,-9999,-9999,-9999,-9999,-9999,-9999,-9999,-9999,-9999,-9999,-9999,-9999,-9999,-9999,-9999,-9999,81450
R_1999_104,R_1999_104,Interchange 25 (1999) | Off-ramp to | Haymarket / Causeway Street,150,130,4300,4350,ramp_off_left,1,none,1,1,0,0,i93_sr3_sb,-9999,-9999,-9999,-9999,-9999,-9999,-9999,-9999,-9999,-9999,-9999,-9999,-9999,-9999,-9999,-9999,-9999,-9999,-9999,-9999,-9999,-9999,4400
i93_sb_1999_060,i93_sb_1999_060,I93- southbound (1999) | between Interchange 25 off-ramp to Haymarket/Causeway and on-ramp from Haymarket/Causeway,150,150,4300,4450,main,0,none,3,1,0,0,i93_sr3_sb,-9999,-9999,-9999,-9999,-9999,-9999,-9999,-9999,-9999,-9999,-9999,-9999,-9999,-9999,-9999,-9999,-9999,-9999,-9999,-9999,-9999,-9999,77050
R_1999_105,R_1999_105,Interchange 25 (1999) | On-ramp from | Haymarket / Causeway Street,130,150,4400,4450,ramp_on_left,1,none,1,1,0,0,i93_sr3_sb,-9999,-9999,-9999,-9999,-9999,-9999,-9999,-9999,-9999,-9999,-9999,-9999,-9999,-9999,-9999,-9999,-9999,-9999,-9999,-9999,-9999,-9999,12650
i93_sb_1999_070,i93_sb_1999_070,I93- southbound (1999) | between Interchange 25 on-ramp from Haymarket/Causeway and Interchange 24 off-ramp to Callahan/Sumner Tunnels,150,150,4450,4550,main,0,none,4,1,0,0,i93_sr3_sb,-9999,-9999,-9999,-9999,-9999,-9999,-9999,-9999,-9999,-9999,-9999,-9999,-9999,-9999,-9999,-9999,-9999,-9999,-9999,-9999,-9999,-9999,89700
R_1999_106,R_1999_106,Interchagne 24 (1999) | Off-ramp to | Callahan and Sumner Tunnels,150,130,4550,4600,ramp_off_left,1,none,2,1,0,0,i93_sr3_sb,-9999,-9999,-9999,-9999,-9999,-9999,-9999,-9999,-9999,-9999,-9999,-9999,-9999,-9999,-9999,-9999,-9999,-9999,-9999,-9999,-9999,-9999,21050
i93_sb_1999_080,i93_sb_1999_080,I93- southbound (1999) | between Interchange 24 off-ramp to Callahan/Sumner Tunnels and on-ramp from Callahan/Sumner Tunnels,150,150,4550,4700,main,0,none,3,1,0,0,i93_sr3_sb,-9999,-9999,-9999,-9999,-9999,-9999,-9999,-9999,-9999,-9999,-9999,-9999,-9999,-9999,-9999,-9999,-9999,-9999,-9999,-9999,-9999,-9999,68650
R_1999_107,R_1999_107,Interchange 24 (1999) | On-ramp from|  Callahan and Sumner Tunnels,130,150,4650,4700,ramp_on_left,1,none,2,1,0,0,i93_sr3_sb,-9999,-9999,-9999,-9999,-9999,-9999,-9999,-9999,-9999,-9999,-9999,-9999,-9999,-9999,-9999,-9999,-9999,-9999,-9999,-9999,-9999,-9999,21450
i93_sb_1999_090,i93_sb_1999_090,I93- southbound (1999) | between Interchange 24 on-ramp from Callahan/Sumner Tunnels and Interchange 23 off-ramp to High Street / Purchase Street,150,150,4700,4800,main,0,none,3,1,0,0,i93_sr3_sb,-9999,-9999,-9999,-9999,-9999,-9999,-9999,-9999,-9999,-9999,-9999,-9999,-9999,-9999,-9999,-9999,-9999,-9999,-9999,-9999,-9999,-9999,90100
R_1999_108,R_1999_108,Interchange 23 (1999) | Off-ramp to | High Street / Purchase Street,150,130,4800,4850,ramp_off_left,1,none,1,1,0,0,i93_sr3_sb,-9999,-9999,-9999,-9999,-9999,-9999,-9999,-9999,-9999,-9999,-9999,-9999,-9999,-9999,-9999,-9999,-9999,-9999,-9999,-9999,-9999,-9999,8950
i93_sb_1999_100,i93_sb_1999_100,I93- southbound (1999) | between Interchange 23 off-ramp to High Street / Congress Street and on-ramp from Purchase Street,150,150,4800,4950,main,0,none,3,1,0,0,i93_sr3_sb,-9999,-9999,-9999,-9999,-9999,-9999,-9999,-9999,-9999,-9999,-9999,-9999,-9999,-9999,-9999,-9999,-9999,-9999,-9999,-9999,-9999,-9999,81150
R_1999_109,R_1999_109,Interchange 23 (1999) | On-ramp from | High Street / Purchase Street,130,150,4900,4950,ramp_on_left,1,none,1,1,0,0,i93_sr3_sb,-9999,-9999,-9999,-9999,-9999,-9999,-9999,-9999,-9999,-9999,-9999,-9999,-9999,-9999,-9999,-9999,-9999,-9999,-9999,-9999,-9999,-9999,11875
i93_sb_1999_110,i93_sb_1999_110,I93- southbound (1999) | between Interchange 23 on-ramp from Purchase Street and Interchange 22 off-ramp to South Station,150,150,4950,5050,main,0,none,3,1,0,0,i93_sr3_sb,-9999,-9999,-9999,-9999,-9999,-9999,-9999,-9999,-9999,-9999,-9999,-9999,-9999,-9999,-9999,-9999,-9999,-9999,-9999,-9999,-9999,-9999,93025
R_1999_110,R_1999_110,Interchange 22 (1999) | Off-ramp to South Station,150,130,5050,5100,ramp_off_left,1,none,1,1,0,0,i93_sr3_sb,-9999,-9999,-9999,-9999,-9999,-9999,-9999,-9999,-9999,-9999,-9999,-9999,-9999,-9999,-9999,-9999,-9999,-9999,-9999,-9999,-9999,-9999,7800
i93_sb_1999_120,i93_sb_1999_120,I93- southbound (1999) | between Interchange 22 off-ramp to South Station and on-ramp from South Station,150,150,5050,5200,main,0,none,3,1,0,0,i93_sr3_sb,-9999,-9999,-9999,-9999,-9999,-9999,-9999,-9999,-9999,-9999,-9999,-9999,-9999,-9999,-9999,-9999,-9999,-9999,-9999,-9999,-9999,-9999,85225
R_1999_111,R_1999_111,Interchange 22 (1999) | On-ramp from South Station,130,150,5150,5200,ramp_on_left,1,none,1,1,0,0,i93_sr3_sb,-9999,-9999,-9999,-9999,-9999,-9999,-9999,-9999,-9999,-9999,-9999,-9999,-9999,-9999,-9999,-9999,-9999,-9999,-9999,-9999,-9999,-9999,8325
i93_sb_1999_130,i93_sb_1999_130,I93- southbound (1999) |between Interchange 22 on-ramp from South Station and Interchange 21 off-ramp to Beach Street,150,150,5200,5400,main,0,none,4,1,0,0,i93_sr3_sb,-9999,-9999,-9999,-9999,-9999,-9999,-9999,-9999,-9999,-9999,-9999,-9999,-9999,-9999,-9999,-9999,-9999,-9999,-9999,-9999,-9999,-9999,93550
R_1999_112,R_1999_112,Interchange 21 (1999) | Off-ramp to Beach Street,150,130,5400,5450,ramp_off_left,1,none,1,1,0,0,i93_sr3_sb,-9999,-9999,-9999,-9999,-9999,-9999,-9999,-9999,-9999,-9999,-9999,-9999,-9999,-9999,-9999,-9999,-9999,-9999,-9999,-9999,-9999,-9999,4325
i93_sb_1999_140,i93_sb_1999_140,I93- southbound (1999) | between Interchange 21 off-ramp to Beach Street and Interchange 20 off-ramp to I-90,150,150,5400,5500,main,0,none,3,1,0,0,i93_sr3_sb,-9999,-9999,-9999,-9999,-9999,-9999,-9999,-9999,-9999,-9999,-9999,-9999,-9999,-9999,-9999,-9999,-9999,-9999,-9999,-9999,-9999,-9999,89225
R_1999_113,R_1999_113,Interchange 20 (1999) |Off-ramp to I-90,150,130,5500,5550,ramp_off_left,1,none,1,1,0,0,i93_sr3_sb,-9999,-9999,-9999,-9999,-9999,-9999,-9999,-9999,-9999,-9999,-9999,-9999,-9999,-9999,-9999,-9999,-9999,-9999,-9999,-9999,-9999,-9999,25050
i93_sb_1999_150,i93_sb_1999_150,I93- southbound (1999) | between Interchange 20 off-ramp to I-90 and on-ramp from I-90,150,150,5500,5650,main,0,none,3,1,0,0,i93_sr3_sb,-9999,-9999,-9999,-9999,-9999,-9999,-9999,-9999,-9999,-9999,-9999,-9999,-9999,-9999,-9999,-9999,-9999,-9999,-9999,-9999,-9999,-9999,64175
R_1999_114,R_1999_114,Interchange 20 (1999) |On-ramp from I-90,130,150,5600,5650,ramp_on_left,1,none,1,1,0,0,i93_sr3_sb,-9999,-9999,-9999,-9999,-9999,-9999,-9999,-9999,-9999,-9999,-9999,-9999,-9999,-9999,-9999,-9999,-9999,-9999,-9999,-9999,-9999,-9999,23375
i93_sb_1999_160,i93_sb_1999_160,I93- southbound (1999) | between Interchange 20 on-ramp from I-90 and Interchange 18-17 off-ramp to Mass. Ave.,150,150,5650,5750,main,0,none,3,1,0,0,i93_sr3_sb,-9999,-9999,-9999,-9999,-9999,-9999,-9999,-9999,-9999,-9999,-9999,-9999,-9999,-9999,-9999,-9999,-9999,-9999,-9999,-9999,-9999,-9999,87550
R_1999_115,R_1999_115,Interchange 18-17 (1999) | Off-ramp to Mass. Ave.,150,130,5750,5800,ramp_off_left,1,none,2,1,0,0,i93_sr3_sb,-9999,-9999,-9999,-9999,-9999,-9999,-9999,-9999,-9999,-9999,-9999,-9999,-9999,-9999,-9999,-9999,-9999,-9999,-9999,-9999,-9999,-9999,16550
i93_sb_1999_170,i93_sb_1999_170,I93- southbound (1999) | between Interchange 18-17 off-ramp to Mass. Ave. and Interchange 19 on-ramp from Albany Street,150,150,5750,5900,main,0,none,3,1,0,0,i93_sr3_sb,-9999,-9999,-9999,-9999,-9999,-9999,-9999,-9999,-9999,-9999,-9999,-9999,-9999,-9999,-9999,-9999,-9999,-9999,-9999,-9999,-9999,-9999,71000
R_1999_116,R_1999_116,Interchange 19 (1999) | On-ramp from Albany Street,130,150,5850,5900,ramp_on_left,1,none,1,1,0,0,i93_sr3_sb,-9999,-9999,-9999,-9999,-9999,-9999,-9999,-9999,-9999,-9999,-9999,-9999,-9999,-9999,-9999,-9999,-9999,-9999,-9999,-9999,-9999,-9999,13300
i93_sb_1999_180,i93_sb_1999_180,I93- southbound (1999) | between Interchange 19 on-ramp from Albany Street and Interchange 18-17 on-ramp from Mass. Ave. / Southampton Street,150,150,5900,6000,main,0,none,3,1,0,0,i93_sr3_sb,-9999,-9999,-9999,-9999,-9999,-9999,-9999,-9999,-9999,-9999,-9999,-9999,-9999,-9999,-9999,-9999,-9999,-9999,-9999,-9999,-9999,-9999,84300
R_1999_117,R_1999_117,Interchange 18-17 (1999) | On-ramp from | Mass. Ave. / Southampton Street,130,150,5950,6000,ramp_on_left,1,none,1,1,0,0,i93_sr3_sb,-9999,-9999,-9999,-9999,-9999,-9999,-9999,-9999,-9999,-9999,-9999,-9999,-9999,-9999,-9999,-9999,-9999,-9999,-9999,-9999,-9999,-9999,25000
i93_sb_1999_190,i93_sb_1999_190,I93- southbound (1999) | between Interchange 18-17 on-ramp from Mass. Ave. / Southampton Street and Interchange 15 off-ramp to Columbia Road,150,150,6000,6100,main,0,none,4,1,0,0,i93_sr3_sb,-9999,-9999,-9999,-9999,-9999,-9999,-9999,-9999,-9999,-9999,-9999,-9999,-9999,-9999,-9999,-9999,-9999,-9999,-9999,-9999,-9999,-9999,109300
